{
  "name": "Генерация эпизода",
  "steps": [
    {
      "id": "navigate_to_template",
      "type": "navigate_to_template",
      "params": {
        "timeout_ms": 120000,
        "wait_until": "domcontentloaded"
      }
    },
    {
      "id": "wait_editor",
      "type": "wait_for",
      "params": {
        "selector": "span[data-node-view-content-react]",
        "timeout_ms": 30000
      }
    },
    {
      "id": "pre_fill_sleep",
      "type": "wait",
      "params": {
        "sec": 1.0
      }
    },
    {
      "id": "fill_scene",
      "type": "fill_scene",
      "params": {
        "handle_broll": true
      }
    },
    {
      "id": "refresh_validate_1",
      "type": "reload_and_validate",
      "params": {
        "interactive": false
      }
    },
    {
      "id": "delete_empty_scenes",
      "type": "delete_empty_scenes",
      "params": {}
    },
    {
      "id": "refresh_validate_2",
      "type": "reload_and_validate",
      "params": {
        "interactive": true
      }
    },
    {
      "id": "confirm",
      "type": "confirm",
      "params": {}
    },
    {
      "id": "generate",
      "type": "generate",
      "params": {}
    },
    {
      "id": "final_submit",
      "type": "final_submit",
      "params": {}
    }
  ],
  "settings": {}
}
