[
  {
    "episode": "ep_pomegranate",
    "created_at": "2025-12-20T20:29:10+00:00",
    "status": "pending",
    "data": [
      {
        "episode_id": "ep_pomegranate",
        "part_idx": "1",
        "scene_idx": "1",
        "speaker": "Mandalina",
        "text": "Мужчины, шестьдесят восемь процентов моих пациентов после пятидесяти жалуются на слабую эрекцию.",
        "broll_query": "",
        "title": "ep_pomegranate_p1",
        "template_url": "https://app.heygen.com/create-v4/draft?template_id=aa3dfc0762174de3b09462ae714a0c00&private=1",
        "": ""
      },
      {
        "episode_id": "ep_pomegranate",
        "part_idx": "1",
        "scene_idx": "2",
        "speaker": "Mandalina",
        "text": "И знаете что? Большинство из них пьют совершенно не то.",
        "broll_query": "worried man looking anxious concerned expression",
        "title": "ep_pomegranate_p1",
        "template_url": "",
        "": ""
      },
      {
        "episode_id": "ep_pomegranate",
        "part_idx": "1",
        "scene_idx": "3",
        "speaker": "Mandalina",
        "text": "Этот напиток улучшает кровоток лучше, чем некоторые таблетки. И он на кухне.",
        "broll_query": "pomegranate juice pouring glass close up macro",
        "title": "ep_pomegranate_p1",
        "template_url": "",
        "": ""
      },
      {
        "episode_id": "ep_pomegranate",
        "part_idx": "1",
        "scene_idx": "4",
        "speaker": "Mandalina",
        "text": "Я Мандалина Волкова, уролог. Давайте без стеснения говорить о важном для вас.",
        "broll_query": "",
        "title": "ep_pomegranate_p1",
        "template_url": "",
        "": ""
      },
      {
        "episode_id": "ep_pomegranate",
        "part_idx": "1",
        "scene_idx": "5",
        "speaker": "Mandalina",
        "text": "Сначала объясню, почему вообще возникает эта проблема после пятидесяти лет у мужчин.",
        "broll_query": "",
        "title": "ep_pomegranate_p1",
        "template_url": "",
        "": ""
      },
      {
        "episode_id": "ep_pomegranate",
        "part_idx": "1",
        "scene_idx": "6",
        "speaker": "Mandalina",
        "text": "Эрекция — это про кровоток. Как кровь наполняет половой орган быстро и качественно.",
        "broll_query": "blood flow circulation medical animation",
        "title": "ep_pomegranate_p1",
        "template_url": "",
        "": ""
      },
      {
        "episode_id": "ep_pomegranate",
        "part_idx": "1",
        "scene_idx": "7",
        "speaker": "Mandalina",
        "text": "Представьте садовый шланг. Вода течёт свободно — всё работает отлично, без проблем.",
        "broll_query": "",
        "title": "ep_pomegranate_p1",
        "template_url": "",
        "": ""
      },
      {
        "episode_id": "ep_pomegranate",
        "part_idx": "1",
        "scene_idx": "8",
        "speaker": "Mandalina",
        "text": "Теперь представьте: шланг изнутри покрылся налётом. Вода течёт очень медленно, еле-еле.",
        "broll_query": "clogged artery plaque buildup medical visualization",
        "title": "ep_pomegranate_p1",
        "template_url": "",
        "": ""
      },
      {
        "episode_id": "ep_pomegranate",
        "part_idx": "1",
        "scene_idx": "9",
        "speaker": "Mandalina",
        "text": "Вот именно что происходит с вашими сосудами после пятидесяти лет. Они сужаются.",
        "broll_query": "",
        "title": "ep_pomegranate_p1",
        "template_url": "",
        "": ""
      },
      {
        "episode_id": "ep_pomegranate",
        "part_idx": "1",
        "scene_idx": "10",
        "speaker": "Mandalina",
        "text": "Сосуды теряют эластичность. На стенках откладывается холестерин. Кровоток замедляется сильно.",
        "broll_query": "blood vessel restriction spasm medical 3d",
        "title": "ep_pomegranate_p1",
        "template_url": "",
        "": ""
      }
    ]
  },
  {
    "episode": "ep_acupoint_erection",
    "created_at": "2025-12-20T22:59:28+00:00",
    "status": "pending",
    "data": [
      {
        "episode_id": "ep_acupoint_erection",
        "part_idx": "1",
        "scene_idx": "1",
        "speaker": "Mandalina",
        "text": "Если вы сейчас гуглите точки для потенции — остановитесь немедленно прямо сейчас.",
        "broll_query": "",
        "title": "ep_acupoint_p1",
        "template_url": "https://app.heygen.com/create-v4/draft?template_id=aa3dfc0762174de3b09462ae714a0c00&private=1",
        "": ""
      },
      {
        "episode_id": "ep_acupoint_erection",
        "part_idx": "1",
        "scene_idx": "2",
        "speaker": "Mandalina",
        "text": "Девяносто процентов статей в интернете показывают абсолютно неправильное место на теле.",
        "broll_query": "",
        "title": "ep_acupoint_p1",
        "template_url": "",
        "": ""
      },
      {
        "episode_id": "ep_acupoint_erection",
        "part_idx": "1",
        "scene_idx": "3",
        "speaker": "Mandalina",
        "text": "Я — уролог Мандалина Волкова. За десять лет я видела всё возможное.",
        "broll_query": "",
        "title": "ep_acupoint_p1",
        "template_url": "",
        "": ""
      },
      {
        "episode_id": "ep_acupoint_erection",
        "part_idx": "1",
        "scene_idx": "4",
        "speaker": "Mandalina",
        "text": "Мужчины массируют что угодно на теле, кроме единственной нужной точки для эффекта.",
        "broll_query": "man touching wrong body area confused",
        "title": "ep_acupoint_p1",
        "template_url": "",
        "": ""
      },
      {
        "episode_id": "ep_acupoint_erection",
        "part_idx": "1",
        "scene_idx": "5",
        "speaker": "Mandalina",
        "text": "Сегодня я покажу точное расположение этой точки. Как найти за три секунды.",
        "broll_query": "acupuncture point chart body map medical",
        "title": "ep_acupoint_p1",
        "template_url": "",
        "": ""
      },
      {
        "episode_id": "ep_acupoint_erection",
        "part_idx": "1",
        "scene_idx": "6",
        "speaker": "Mandalina",
        "text": "И самое главное — как правильно массировать для максимального эффекта от практики.",
        "broll_query": "",
        "title": "ep_acupoint_p1",
        "template_url": "",
        "": ""
      },
      {
        "episode_id": "ep_acupoint_erection",
        "part_idx": "1",
        "scene_idx": "7",
        "speaker": "Mandalina",
        "text": "Это абсолютно безопасно для здоровья. Без побочных эффектов совсем, в отличие от таблеток.",
        "broll_query": "",
        "title": "ep_acupoint_p1",
        "template_url": "",
        "": ""
      },
      {
        "episode_id": "ep_acupoint_erection",
        "part_idx": "1",
        "scene_idx": "8",
        "speaker": "Mandalina",
        "text": "И ваша партнёрша точно заметит разницу через две недели регулярного массажа точки.",
        "broll_query": "happy couple embracing intimate moment",
        "title": "ep_acupoint_p1",
        "template_url": "",
        "": ""
      },
      {
        "episode_id": "ep_acupoint_erection",
        "part_idx": "1",
        "scene_idx": "9",
        "speaker": "Mandalina",
        "text": "Но сначала разберёмся — почему это вообще работает на уровне физиологии организма.",
        "broll_query": "",
        "title": "ep_acupoint_p1",
        "template_url": "",
        "": ""
      },
      {
        "episode_id": "ep_acupoint_erection",
        "part_idx": "1",
        "scene_idx": "10",
        "speaker": "Mandalina",
        "text": "Потому что без понимания механизма действия никакого реального эффекта не будет совсем.",
        "broll_query": "",
        "title": "ep_acupoint_p1",
        "template_url": "",
        "": ""
      }
    ]
  }
]